Bobs-Furries-East-valley,9815 W. Palmare Rd,Phoenix,AZ,85309,602-776-3486,Arcadia,P1000201
PetCo-Chandler,8845 E Williamsfield Rd,Chandler,AZ,85295,480-336-7422,North-Chandler,P1000203
PetCo-Tempe,12753 E Elliot Rd,Tempe,AZ,85002,602-442-7644,Awatukee,P1000204
PetCo-West,19775 S Gilbert Rd,Gilbert,AZ,85299,480-522-5582,SunCity,P1000205
Pets4life-southside,45665 South Arizona Avenue,Gilbert,AZ,85992,480-386-5542,Gilbert,P1000206
Pets4life-eastside,45 E Ray Rd,Gilbert,AZ,85944,480-338-9854,Gilbert,P1000207
Stanleys-PetShop ,9455 N 7th St,Phoenix,AZ,85005,602-392-8465,SunnySlope,P1000208
Pets-o-rama,9191 W Dunlop St,Phoenix,AZ,85001,623-477-3456,WestSide,P1000209
The-Pet-Store,33666 Happy Valley Rd,Phoenix,AZ,85008,602-477-2378,Northridge,P1000210
Bobs-Furries-North-valley,1345 E Thunderbird Rd,Phoenix,AZ,85266,602-888-9332,Northridge,P1000202
